index,DriverNumber,BroadcastName,Abbreviation,DriverId,TeamName,TeamColor,TeamId,FirstName,LastName,FullName,HeadshotUrl,CountryCode,Position,ClassifiedPosition,GridPosition,Q1,Q2,Q3,Time,Status,Points,Year,Location
4,4,L NORRIS,NOR,,McLaren,FF8000,,Lando,Norris,Lando Norris,https://media.formula1.com/d_driver_fallback_image.png/content/dam/fom-website/drivers/L/LANNOR01_Lando_Norris/lannor01.png.transform/1col/image.png,GBR,,,,,,,,,,2024,Italian Grand Prix
81,81,O PIASTRI,PIA,,McLaren,FF8000,,Oscar,Piastri,Oscar Piastri,https://media.formula1.com/d_driver_fallback_image.png/content/dam/fom-website/drivers/O/OSCPIA01_Oscar_Piastri/oscpia01.png.transform/1col/image.png,AUS,,,,,,,,,,2024,Italian Grand Prix
63,63,G RUSSELL,RUS,,Mercedes,27F4D2,,George,Russell,George Russell,https://media.formula1.com/d_driver_fallback_image.png/content/dam/fom-website/drivers/G/GEORUS01_George_Russell/georus01.png.transform/1col/image.png,GBR,,,,,,,,,,2024,Italian Grand Prix
16,16,C LECLERC,LEC,,Ferrari,E80020,,Charles,Leclerc,Charles Leclerc,https://media.formula1.com/d_driver_fallback_image.png/content/dam/fom-website/drivers/C/CHALEC01_Charles_Leclerc/chalec01.png.transform/1col/image.png,MON,,,,,,,,,,2024,Italian Grand Prix
55,55,C SAINZ,SAI,,Ferrari,E80020,,Carlos,Sainz,Carlos Sainz,https://media.formula1.com/d_driver_fallback_image.png/content/dam/fom-website/drivers/C/CARSAI01_Carlos_Sainz/carsai01.png.transform/1col/image.png,ESP,,,,,,,,,,2024,Italian Grand Prix
44,44,L HAMILTON,HAM,,Mercedes,27F4D2,,Lewis,Hamilton,Lewis Hamilton,https://media.formula1.com/d_driver_fallback_image.png/content/dam/fom-website/drivers/L/LEWHAM01_Lewis_Hamilton/lewham01.png.transform/1col/image.png,GBR,,,,,,,,,,2024,Italian Grand Prix
1,1,M VERSTAPPEN,VER,,Red Bull Racing,3671C6,,Max,Verstappen,Max Verstappen,https://media.formula1.com/d_driver_fallback_image.png/content/dam/fom-website/drivers/M/MAXVER01_Max_Verstappen/maxver01.png.transform/1col/image.png,NED,,,,,,,,,,2024,Italian Grand Prix
11,11,S PEREZ,PER,,Red Bull Racing,3671C6,,Sergio,Perez,Sergio Perez,https://media.formula1.com/d_driver_fallback_image.png/content/dam/fom-website/drivers/S/SERPER01_Sergio_Perez/serper01.png.transform/1col/image.png,MEX,,,,,,,,,,2024,Italian Grand Prix
23,23,A ALBON,ALB,,Williams,64C4FF,,Alexander,Albon,Alexander Albon,https://media.formula1.com/d_driver_fallback_image.png/content/dam/fom-website/drivers/A/ALEALB01_Alexander_Albon/alealb01.png.transform/1col/image.png,THA,,,,,,,,,,2024,Italian Grand Prix
27,27,N HULKENBERG,HUL,,Haas F1 Team,B6BABD,,Nico,Hulkenberg,Nico Hulkenberg,https://media.formula1.com/d_driver_fallback_image.png/content/dam/fom-website/drivers/N/NICHUL01_Nico_Hulkenberg/nichul01.png.transform/1col/image.png,GER,,,,,,,,,,2024,Italian Grand Prix
14,14,F ALONSO,ALO,,Aston Martin,229971,,Fernando,Alonso,Fernando Alonso,https://media.formula1.com/d_driver_fallback_image.png/content/dam/fom-website/drivers/F/FERALO01_Fernando_Alonso/feralo01.png.transform/1col/image.png,ESP,,,,,,,,,,2024,Italian Grand Prix
3,3,D RICCIARDO,RIC,,RB,6692FF,,Daniel,Ricciardo,Daniel Ricciardo,https://media.formula1.com/d_driver_fallback_image.png/content/dam/fom-website/drivers/D/DANRIC01_Daniel_Ricciardo/danric01.png.transform/1col/image.png,AUS,,,,,,,,,,2024,Italian Grand Prix
20,20,K MAGNUSSEN,MAG,,Haas F1 Team,B6BABD,,Kevin,Magnussen,Kevin Magnussen,https://media.formula1.com/d_driver_fallback_image.png/content/dam/fom-website/drivers/K/KEVMAG01_Kevin_Magnussen/kevmag01.png.transform/1col/image.png,DEN,,,,,,,,,,2024,Italian Grand Prix
10,10,P GASLY,GAS,,Alpine,0093cc,,Pierre,Gasly,Pierre Gasly,https://media.formula1.com/d_driver_fallback_image.png/content/dam/fom-website/drivers/P/PIEGAS01_Pierre_Gasly/piegas01.png.transform/1col/image.png,FRA,,,,,,,,,,2024,Italian Grand Prix
31,31,E OCON,OCO,,Alpine,0093cc,,Esteban,Ocon,Esteban Ocon,https://media.formula1.com/d_driver_fallback_image.png/content/dam/fom-website/drivers/E/ESTOCO01_Esteban_Ocon/estoco01.png.transform/1col/image.png,FRA,,,,,,,,,,2024,Italian Grand Prix
22,22,Y TSUNODA,TSU,,RB,6692FF,,Yuki,Tsunoda,Yuki Tsunoda,https://media.formula1.com/d_driver_fallback_image.png/content/dam/fom-website/drivers/Y/YUKTSU01_Yuki_Tsunoda/yuktsu01.png.transform/1col/image.png,JPN,,,,,,,,,,2024,Italian Grand Prix
18,18,L STROLL,STR,,Aston Martin,229971,,Lance,Stroll,Lance Stroll,https://media.formula1.com/d_driver_fallback_image.png/content/dam/fom-website/drivers/L/LANSTR01_Lance_Stroll/lanstr01.png.transform/1col/image.png,CAN,,,,,,,,,,2024,Italian Grand Prix
43,43,F COLAPINTO,COL,,Williams,64C4FF,,Franco,Colapinto,Franco Colapinto,None,ARG,,,,,,,,,,2024,Italian Grand Prix
77,77,V BOTTAS,BOT,,Kick Sauber,52e252,,Valtteri,Bottas,Valtteri Bottas,https://media.formula1.com/d_driver_fallback_image.png/content/dam/fom-website/drivers/V/VALBOT01_Valtteri_Bottas/valbot01.png.transform/1col/image.png,FIN,,,,,,,,,,2024,Italian Grand Prix
24,24,G ZHOU,ZHO,,Kick Sauber,52e252,,Guanyu,Zhou,Guanyu Zhou,https://media.formula1.com/d_driver_fallback_image.png/content/dam/fom-website/drivers/G/GUAZHO01_Guanyu_Zhou/guazho01.png.transform/1col/image.png,CHN,,,,,,,,,,2024,Italian Grand Prix
